USE `shop_linhkien`;


-- Bảng: tbl_danhmuc
INSERT INTO `tbl_danhmuc` (`MaDM`, `TenDM`) VALUES
('DM01', 'Chuột máy tính'),
('DM02', 'Bàn phím'),
('DM03', 'Tai nghe'),
('DM04', 'Màn hình'),
('DM05', 'Laptop'),
('DM06', 'Laptop Gaming'),
('DM07', 'PC GVN'),
('DM08', 'Main, CPU, VGA'),
('DM09', 'Case, Nguồn, Tản'),
('DM10', 'Ổ cứng, RAM, Thẻ nhớ'),
('DM11', 'Loa, Micro, Webcam'),
('DM12', 'Lót chuột'),
('DM13', 'Bàn ghế'),
('DM14', 'Handheld, Console'),
('DM15', 'Phụ kiện (Hub, Sạc, Cáp,...)');

-- Bảng: tbl_nhacungcap
INSERT INTO `tbl_nhacungcap` (`MaNCC`, `TenNCC`, `DiaChi`, `SoDienThoai`) VALUES
('NCC01', 'Công ty Phân Phối Logitech VN', 'TP Hồ Chí Minh', '0281234567'),
('NCC02', 'Công ty DareU Việt Nam', 'Hà Nội', '0249876543'),
('NCC03', 'Samsung Display VN', 'Bình Dương', '0274123123'),
('NCC04', 'Asus Việt Nam', 'TP Hồ Chí Minh', '0282223333'),
('NCC05', 'Gigabyte Technology VN', 'Đà Nẵng', '0236745123'),
('NCC06', 'Corsair Southeast Asia', 'Hải Phòng', '0225389741'),
('NCC07', 'Intel Việt Nam', 'Bắc Ninh', '0222388111'),
('NCC08', 'AMD Global', 'TP Hồ Chí Minh', '0289998877'),
('NCC09', 'Western Digital VN', 'Biên Hòa', '0251388222'),
('NCC10', 'Kingston Technology VN', 'Cần Thơ', '0292377666');

-- Bảng: tbl_cuahang
INSERT INTO `tbl_cuahang` (`MaCH`, `TenCH`, `DiaChi`, `SoDienThoai`) VALUES
('CH01', 'Cửa hàng Linh Kiện Khang Store', 'Bình Đức, Long Xuyên, An Giang', '0385227825'),
('CH02', 'Chi nhánh Cần Thơ', 'Ninh Kiều, Cần Thơ', '0905123456');

-- Bảng: tbl_sanpham
INSERT INTO `tbl_sanpham` (`MaSP`,`TenSP`,`MaDM`,`DonGia`,`MoTa`,`TrangThai`,`HinhAnh`) VALUES
('SP01','Chuột Logitech G102','DM01',350000,'DPI 8000 | RGB | Silent click | Switch 50M | 85g | Lightspeed 1ms',b'1','c1.png'),
('SP02','Chuột Logitech G304 Wireless','DM01',650000,'DPI 12K | Pin 250h | 1ms | HERO sensor | 99g | 6 nút macro',b'1','c2.png'),
('SP03','Chuột Logitech G502 Hero','DM01',890000,'DPI 25K | RGB 16.8M | 11 nút | Tạ 5g | Scroll vô cực | 121g',b'1','c3.png'),
('SP04','Chuột Razer DeathAdder Essential','DM01',450000,'DPI 6400 | Switch 10M | Công thái học | 96g | 5 nút | Razer green',b'1','c4.png'),
('SP05','Chuột Razer Viper Mini','DM01',690000,'DPI 8500 | 61g | Switch quang | Dây Speedflex | RGB Chroma',b'1','c5.png'),
('SP06','Bàn phím cơ DareU EK1280','DM02',790000,'Switch Blue | RGB 16.8M | NKRO | PBT keycap | Anti-ghosting',b'1','bp1.png'),
('SP07','Tai nghe Logitech G331','DM03',950000,'Driver 50mm | 7.1 Surround | Mic gập | Đệm tai Memory | 280g',b'1','tn1.png'),
('SP08','Màn hình Samsung 24 inch','DM04',2390000,'IPS 75Hz | 99% sRGB | FreeSync | 1ms MPRT | Viền mỏng 3 cạnh',b'1','mh1.png'),
('SP09','CPU Intel Core i5-13400F','DM08',4990000,'10C/16T | 4.6GHz | 20MB L3 | DDR5 | Không iGPU | 65W',b'1','cpu2.png'),
('SP10','VGA ASUS RTX 4070 Dual','DM08',13900000,'12GB GDDR6X | DLSS 3 | Ray Tracing | 5888 CUDA | 200W',b'1','vga2.png'),
('SP11','Laptop Dell Inspiron 15','DM05',12900000,'i5-1235U | 8GB | 512GB NVMe | FHD | Pin 6h | 1.7kg',b'1','lap1.png'),
('SP12','Laptop Gaming ASUS ROG Strix','DM06',25900000,'RTX 3060 | 144Hz | Ryzen 7 | 16GB | 1TB Gen4 | RGB',b'1','lapG1.png'),
('SP13','PC GVN Custom i7-12700','DM07',18900000,'i7-12700 | 32GB | RTX 3060Ti | Tản nước 240mm | 1TB NVMe',b'1','pc1.png'),
('SP14','Mainboard MSI B550-A Pro','DM08',2790000,'AM4 | PCIe 4.0 | 4 khe RAM | 2 M.2 | RGB Mystic',b'1','main1.png'),
('SP15','Case Deepcool Matrexx 55','DM09',1290000,'Kính cường lực | RGB | 4 fan ARGB | E-ATX | Tản nước 360mm',b'1','case1.png'),
('SP16','Ổ cứng SSD Samsung 500GB','DM10',1190000,'SATA 560MB/s | 3D NAND | 5 năm BH | Samsung Magician',b'1','hard1.png'),
('SP17','Loa JBL Charge 5','DM11',2990000,'IP67 | 40W | Pin 20h | PartyBoost | Powerbank 7500mAh',b'1','loa1.png'),
('SP18','Lót chuột SteelSeries QcK','DM12',250000,'Cloth 320x270 | 2mm | Anti-slip | Stitched edge | QcK series',b'1','lot1.png'),
('SP19','Bàn ghế DXRacer Racing','DM13',7990000,'Da PU | Ngả 180° | Tay 4D | Gối lưng+cổ | Tải 120kg',b'1','bg1.png'),
('SP20','Handheld Steam Deck 64GB','DM14',10900000,'AMD Zen2 | 16GB RAM | 7" 800p | SteamOS | 64GB eMMC',b'1','hd1.png'),
('SP21','Phụ kiện Hub USB 4 cổng','DM15',350000,'USB 3.0 5Gbps | Plug&Play | Vỏ nhôm | LED | 15cm',b'1','pk1.png'),
('SP22','Laptop HP Pavilion 14','DM05',14900000,'i7-1165G7 | 16GB | 512GB | FHD IPS | Pin 8h',b'1','lap2.png'),
('SP23','Laptop Gaming MSI Katana','DM06',27900000,'RTX 3070 | 144Hz | i7-11800H | 16GB | 1TB NVMe',b'1','lapG2.png'),
('SP24','PC GVN Ryzen 5 5600X','DM07',15900000,'5600X | 32GB | RX 6700XT | Tản nước RGB | 1TB Gen4',b'1','pc2.png'),
('SP25','CPU AMD Ryzen 7 5800X','DM08',5990000,'8C/16T | 4.7GHz | 105W | Zen3 | Không iGPU',b'1','cpu1.png'),
('SP26','Nguồn Corsair RM750x','DM09',2290000,'750W 80+ Gold | Full modular | Zero RPM | 10 năm BH',b'1','ng1.png'),
('SP27','RAM Corsair Vengeance 16GB','DM10',1290000,'DDR4 3600 CL18 | RGB | XMP 2.0 | Tản nhiệt nhôm',b'1','ram1.png'),
('SP28','Micro Blue Yeti','DM11',2490000,'3 condenser | 4 pattern | Gain | Mute | USB',b'1','mic1.png'),
('SP29','Lót chuột Razer Gigantus','DM12',350000,'450x400 | 5mm | Speed+Control | Anti-slip | Stitched',b'1','lot2.png'),
('SP30','Bàn ghế Secretlab Titan','DM13',8990000,'Da Nappa | Tay 4D | Lumbal 4-way | Ngả 165° | 130kg',b'1','bg2.png'),
('SP31','Console Nintendo Switch OLED','DM14',7990000,'7" OLED | 64GB | Joy-Con | Dock TV | Pin 9h',b'1','cs1.png'),
('SP32','Phụ kiện Sạc không dây 15W','DM15',450000,'Qi | PD 20W | LED | Anti-slip | iPhone 12-15',b'1','pk2.png'),
('SP33','Laptop Lenovo IdeaPad 3','DM05',11900000,'i3-1115G4 | 8GB | 256GB | FHD | Pin 7h | 1.6kg',b'1','lap3.png'),
('SP34','Laptop Gaming Acer Nitro 5','DM06',22900000,'RTX 3050 | 120Hz | i5-11400H | 16GB | 512GB',b'1','lapG3.png'),
('SP35','PC GVN i9-12900K','DM07',25900000,'i9-12900K | 64GB DDR5 | RTX 3080Ti | Custom loop',b'1','pc3.png'),
('SP36','VGA NVIDIA RTX 3060','DM08',7990000,'12GB GDDR6 | DLSS | RT core | 3584 CUDA | 170W',b'1','vga1.png'),
('SP37','Tản nhiệt nước NZXT Kraken','DM09',1990000,'AIO 240mm | RGB | Pump Asetek | 6 năm BH',b'1','tan1.png'),
('SP38','Thẻ nhớ SanDisk 128GB','DM10',350000,'A1 | 120MB/s | 4K | Waterproof | 10 năm BH',b'1','the1.png'),
('SP39','Webcam Logitech C920','DM11',1290000,'1080p 30fps | Auto-focus | Mic kép | Tripod-ready',b'1','cam1.png'),
('SP40','Lót chuột Logitech G440','DM12',450000,'Hard pad | 340x280 | 3mm | Low friction | G series',b'1','lot3.png'),
('SP41','Bàn ghế Anda Seat','DM13',6990000,'Da PVC | Tay 4D | Ngả 160° | Gối memory | 150kg',b'1','bg3.png'),
('SP42','Chuột Gaming X-Pro','DM01',420000,'DPI 16K | RGB | 6 nút | Switch 20M | 78g | 1ms',b'1','c6.png'),
('SP43','Bàn phím cơ X-Blue','DM02',850000,'Blue switch | RGB rainbow | NKRO | PBT | Hot-swap',b'1','bp2.png'),
('SP44','Tai nghe Bass Boost 7.1','DM03',990000,'50mm driver | 7.1 | RGB | Mic ANC | Đệm tai PU',b'1','tn2.png'),
('SP45','Màn hình LED 27 inch','DM04',3290000,'IPS 144Hz | 1ms | 99% sRGB | FreeSync | HDR10',b'1','mh2.png'),
('SP46','Laptop Văn phòng Core i5','DM05',13500000,'i5-1135G7 | 8GB | 512GB | FHD | Pin 8h | 1.6kg',b'1','lap4.png'),
('SP47','Laptop Gaming RTX 4050','DM06',28900000,'RTX 4050 | 165Hz | i7-13700H | 16GB | 1TB Gen4',b'1','lapG4.png'),
('SP48','PC GVN Ryzen 7','DM07',19900000,'Ryzen 7 5800X | 32GB | RTX 3070 | Tản nước 360mm',b'1','pc4.png'),
('SP49','Mainboard Gigabyte B660M','DM08',2990000,'LGA1700 | DDR4 | PCIe 4.0 | 2 M.2 | WiFi 6',b'1','main2.png'),
('SP50','Nguồn 650W 80+ Bronze','DM09',1590000,'650W | Semi-modular | 120mm fan | 5 năm BH',b'1','ng2.png'),
('SP51','SSD NVMe 1TB Gen4','DM10',1890000,'Gen4 7000MB/s | Heatsink | PS5 ready | 5 năm',b'1','hard2.png'),
('SP52','Loa Bluetooth Mini Bass','DM11',990000,'20W | IPX6 | Pin 15h | TWS | Bass boost',b'1','loa2.png'),
('SP53','Lót chuột RGB Pro','DM12',390000,'RGB 14 chế độ | 800x300 | 4mm | Anti-slip',b'1','lot4.png'),
('SP54','Ghế công thái học Ergo-X','DM13',7590000,'Lưới thoáng | Tay 4D | Lumbal | Ngả 135° | 120kg',b'1','bg4.png'),
('SP55','Máy chơi game RetroBoy','DM14',4990000,'3000 game | HDMI 4K | 2 tay cầm | AV out',b'1','hd2.png'),
('SP56','Hub USB-C 6 cổng','DM15',550000,'4K@60 | PD 100W | SD/TF | 3xUSB 3.0 | Nhôm',b'1','pk3.png'),
('SP57','Chuột không dây SilentClick','DM01',320000,'Silent switch | Pin 18 tháng | DPI 1600 | 3 nút',b'1','c7.png'),
('SP58','Bàn phím giả cơ LED 3 màu','DM02',490000,'Membrane | LED 3 màu | Anti-ghost 25 phím | 104 key',b'1','bp3.png'),
('SP59','Tai nghe Gaming OverEar','DM03',790000,'40mm | Mic rời | Đệm tai PU | 3.5mm | 260g',b'1','tn3.png'),
('SP60','Màn hình cong 32 inch','DM04',4590000,'VA 165Hz | 1500R | 1ms | 122% sRGB | 2K',b'1','mh3.png'),
('SP61','Laptop học sinh Core i3','DM05',10900000,'i3-1005G1 | 8GB | 256GB | HD | Pin 7h',b'1','lap5.png'),
('SP62','Laptop Gaming Nitro 5','DM06',23900000,'RTX 3050Ti | 144Hz | i5-11400H | 16GB | 512GB',b'1','lapG5.png'),
('SP63','PC GVN i5-12400F','DM07',14900000,'i5-12400F | 16GB | RTX 3060 | 650W Gold | 1TB',b'1','pc5.png'),
('SP64','Mainboard ASUS TUF B450','DM08',2590000,'AM4 | PCIe 4.0 | Aura Sync | 2 M.2 | Realtek',b'1','main3.png'),
('SP65','Case RGB Mid Tower','DM09',1390000,'4 fan RGB | Kính | E-ATX | Hub ARGB | 360mm AIO',b'1','case2.png'),
('SP66','RAM 16GB DDR4 3200MHz','DM10',1290000,'CL16 | XMP | Tản nhiệt | Dual channel | Lifetime',b'1','ram2.png'),
('SP67','Micro thu âm Condenser','DM11',1890000,'Cardioid | 48kHz/16bit | Pop filter | Shock mount',b'1','mic2.png'),
('SP68','Lót chuột chống mỏi cổ tay','DM12',290000,'Memory foam | 250x200 | Gel wrist | Anti-slip',b'1','lot5.png'),
('SP69','Ghế gaming lưng cao','DM13',6990000,'Da PU | Gối lưng+cổ | Ngả 180° | Tải 130kg',b'1','bg5.png'),
('SP70','Console MiniStation 2025','DM14',5990000,'4K HDR | 128GB | 2 tay | Android TV | WiFi 6',b'1','cs2.png'),
('SP71','Sạc nhanh 65W đa cổng','DM15',490000,'GaN | PD 65W | QC 4.0 | 2C1A | Foldable plug',b'1','pk4.png'),
('SP72','Chuột Bluetooth Slim','DM01',310000,'Pin 12 tháng | DPI 1600 | Silent | 3 thiết bị',b'1','c8.png'),
('SP73','Bàn phím cơ không dây','DM02',990000,'Bluetooth 5.0 | Red switch | Pin 60 ngày | RGB',b'1','bp4.png'),
('SP74','Tai nghe chống ồn ANC','DM03',1590000,'ANC -35dB | Pin 30h | 40mm | Foldable | Mic HD',b'1','tn4.png'),
('SP75','Màn hình 4K HDR 28 inch','DM04',5290000,'IPS 60Hz | HDR10 | 10bit | 95% DCI-P3 | USB-C',b'1','mh4.png'),
('SP76','Laptop đồ họa Core i7','DM05',18900000,'i7-11800H | RTX 3050 | 16GB | 1TB | 15.6" FHD',b'1','lap6.png'),
('SP77','Laptop Gaming Legion 5','DM06',25900000,'RTX 3060 | 165Hz | Ryzen 7 | 16GB | 1TB Gen4',b'1','lapG6.png'),
('SP78','PC GVN i7-13700K','DM07',22900000,'i7-13700K | 32GB DDR5 | RTX 4070 | Tản nước 360',b'1','pc6.png'),
('SP79','Mainboard MSI MAG B760','DM08',3190000,'LGA1700 | DDR5 | PCIe 5.0 | WiFi 6E | 2.5G LAN',b'1','main4.png'),
('SP80','Nguồn 850W 80+ Gold','DM09',2590000,'Full modular | 140mm FDB | Zero RPM | 10 năm',b'1','ng3.png'),
('SP81','SSD 2TB Gen4 NVMe','DM10',2990000,'7400MB/s | Heatsink | PS5 ready | 5 năm BH',b'1','hard3.png'),
('SP82','Loa Soundbar Bluetooth','DM11',2190000,'60W | Sub out | Optical | Dolby Audio | Remote',b'1','loa3.png'),
('SP83','Lót chuột SteelSeries XL','DM12',450000,'900x400 | 4mm | Cloth | Stitched | Anti-slip',b'1','lot6.png'),
('SP84','Ghế văn phòng lưng lưới','DM13',3590000,'Lưới thoáng | Tay 3D | Ngả 135° | Tải 120kg',b'1','bg6.png'),
('SP85','Console GameBox 4K','DM14',6990000,'8K upscale | 256GB | 4 tay | Android 11 | WiFi 6',b'1','cs3.png'),
('SP86','Cáp sạc USB-C to Lightning','DM15',290000,'MFi | PD 20W | Nylon bện | 1.2m | LED',b'1','pk5.png'),
('SP87','Chuột LED RGB Silent','DM01',370000,'Silent click | RGB 7 màu | DPI 3200 | 4 nút',b'1','c9.png'),
('SP88','Bàn phím cơ mini 60%','DM02',790000,'60% | Brown switch | RGB | Hot-swap | NKRO',b'1','bp5.png'),
('SP89','Tai nghe Bluetooth Sport','DM03',690000,'IPX5 | Pin 20h | Magnetic | 10mm driver | Mic',b'1','tn5.png'),
('SP90','Màn hình IPS 24 inch','DM04',2590000,'75Hz | 99% sRGB | 5ms | FreeSync | Viền mỏng',b'1','mh5.png'),
('SP91','Laptop văn phòng Core i3','DM05',10900000,'i3-1115G4 | 8GB | 256GB | FHD | Pin 7h',b'1','lap7.png'),
('SP92','Laptop Gaming RTX 3060','DM06',24900000,'RTX 3060 | 144Hz | i7-11800H | 16GB | 1TB',b'1','lapG7.png'),
('SP93','PC GVN i5-13400F','DM07',16900000,'i5-13400F | 32GB | RTX 4060Ti | 750W Gold',b'1','pc7.png'),
('SP94','Mainboard ASRock B550M','DM08',2390000,'AM4 | PCIe 4.0 | 1 M.2 | Realtek | Compact',b'1','main5.png'),
('SP95','Case Mid Tower RGB Glass','DM09',1490000,'Kính 2 mặt | 6 fan RGB | Hub | 360mm AIO',b'1','case3.png'),
('SP96','RAM Kingston Fury 8GB','DM10',890000,'DDR4 3200 CL16 | XMP | Tản nhiệt | Lifetime',b'1','ram3.png'),
('SP97','Loa mini Bluetooth chống nước','DM11',690000,'IPX7 | 10W | Pin 12h | TWS | 360° sound',b'1','loa4.png'),
('SP98','Lót chuột Logitech G640','DM12',490000,'Cloth 460x400 | 3mm | Speed | G series',b'1','lot7.png'),
('SP99','Ghế gaming lưng cao Titan','DM13',8990000,'Da thật | Tay 4D | Ngả 180° | Tải 150kg',b'1','bg7.png'),
('SP100','Console RetroStation 3000','DM14',4990000,'3000 game | 2 tay | HDMI 1080p | AV | 128GB',b'1','cs4.png'),
('SP101','Cáp HDMI 2.1 8K','DM15',350000,'8K@60Hz | 48Gbps | eARC | VRR | 2m | Mạ vàng',b'1','pk6.png'),
('SP102','Chuột Gaming RGB 6 nút','DM01',450000,'DPI 7200 | RGB 16.8M | Silent click | 78g | Switch 20M',b'1','c10.png'),
('SP103','Bàn phím cơ Red Switch','DM02',890000,'Red linear | RGB rainbow | Hot-swap | NKRO | PBT',b'1','bp6.png'),
('SP104','Tai nghe chụp tai Studio','DM03',1290000,'50mm | Hi-Res | Mic rời | Đệm tai Memory | 280g',b'1','tn6.png'),
('SP105','Màn hình 2K 27 inch','DM04',3990000,'IPS 165Hz | 1ms | 127% sRGB | HDR400 | FreeSync',b'1','mh6.png'),
('SP106','Laptop học sinh giá rẻ','DM05',8900000,'i3-1115G4 | 8GB | 256GB NVMe | FHD | Pin 7h',b'1','lap8.png'),
('SP107','Laptop Gaming RTX 3070','DM06',27900000,'RTX 3070 | 165Hz | i7-11800H | 16GB | 1TB Gen4',b'1','lapG8.png'),
('SP108','PC GVN Ryzen 5 5600X','DM07',15900000,'5600X | 32GB | RX 6700XT | Tản nước RGB | 1TB',b'1','pc8.png'),
('SP109','Mainboard MSI B450M Pro','DM08',2190000,'AM4 | PCIe 4.0 | 1 M.2 | Realtek | Compact',b'1','main6.png'),
('SP110','Nguồn 750W 80+ Bronze','DM09',1790000,'750W | Semi-modular | 120mm | 80+ Bronze | 5 năm',b'1','ng4.png'),
('SP111','SSD SATA 1TB Samsung','DM10',1590000,'SATA 560MB/s | 3D NAND | 5 năm BH | Magician',b'1','hard4.png'),
('SP112','Loa Soundbar mini','DM11',1290000,'30W | Bluetooth 5.0 | Optical | Remote | Wall-mount',b'1','loa5.png'),
('SP113','Lót chuột chống trượt XL','DM12',390000,'800x300 | 4mm | Cloth | Stitched | Anti-slip',b'1','lot8.png'),
('SP114','Ghế văn phòng lưng lưới','DM13',3590000,'Lưới thoáng | Tay 3D | Ngả 135° | Tải 120kg',b'1','bg8.png'),
('SP115','Console GameBox 4K','DM14',6990000,'4K HDR | 256GB | 4 tay cầm | Android 11 | WiFi 6',b'1','cs5.png'),
('SP116','Cáp sạc nhanh USB-C 60W','DM15',290000,'PD 60W | QC 4.0 | Nylon bện | 1.2m | LED',b'1','pk7.png'),
('SP117','Chuột Gaming RGB 8 nút','DM01',490000,'DPI 12K | RGB 11 vùng | Macro | Switch 50M | 95g',b'1','c11.png'),
('SP118','Bàn phím cơ Blue Switch','DM02',790000,'Blue clicky | RGB | NKRO | Anti-ghost | PBT',b'1','bp7.png'),
('SP119','Tai nghe Bluetooth ANC','DM03',1590000,'ANC -38dB | Pin 35h | 40mm | Foldable | App EQ',b'1','tn7.png'),
('SP120','Màn hình cong 32 inch','DM04',4590000,'VA 165Hz | 1500R | 1ms | 122% sRGB | 2K',b'1','mh7.png'),
('SP121','Laptop đồ họa Core i7','DM05',18900000,'i7-12700H | RTX 3050Ti | 16GB | 1TB | FHD 144Hz',b'1','lap9.png'),
('SP122','Laptop Gaming Legion 5','DM06',25900000,'RTX 3060 | 165Hz | Ryzen 7 | 16GB | 1TB Gen4',b'1','lapG9.png'),
('SP123','PC GVN i7-13700K','DM07',22900000,'i7-13700K | 32GB DDR5 | RTX 4070Ti | AIO 360mm',b'1','pc9.png'),
('SP124','Mainboard MSI MAG B760','DM08',3190000,'LGA1700 | DDR5 | PCIe 5.0 | WiFi 6E | 2.5G LAN',b'1','main7.png'),
('SP125','Nguồn 850W 80+ Gold','DM09',2590000,'Full modular | 140mm FDB | Zero RPM | 10 năm',b'1','ng5.png'),
('SP126','SSD 2TB Gen4 NVMe','DM10',2990000,'7400MB/s | Heatsink | PS5 ready | 5 năm BH',b'1','hard5.png'),
('SP127','Loa Soundbar Bluetooth','DM11',2190000,'60W | Sub out | Optical | Dolby | Remote',b'1','loa6.png'),
('SP128','Lót chuột SteelSeries XL','DM12',450000,'900x400 | 4mm | Cloth | Stitched | Anti-slip',b'1','lot9.png'),
('SP129','Ghế văn phòng lưng lưới','DM13',3590000,'Lưới thoáng | Tay 3D | Ngả 135° | Tải 120kg',b'1','bg9.png'),
('SP130','Console GameBox 4K','DM14',6990000,'8K upscale | 256GB | 4 tay | Android 11 | WiFi 6',b'1','cs6.png'),
('SP131','Cáp sạc USB-C to Lightning','DM15',290000,'MFi | PD 20W | Nylon | 1.2m | LED',b'1','pk8.png'),
('SP132','Chuột LED RGB Silent','DM01',370000,'Silent click | RGB 7 màu | DPI 3200 | 4 nút',b'1','c12.png'),
('SP133','Bàn phím cơ mini 60%','DM02',790000,'60% | Brown switch | RGB | Hot-swap | NKRO',b'1','bp8.png'),
('SP134','Tai nghe Bluetooth Sport','DM03',690000,'IPX5 | Pin 20h | Magnetic | 10mm | Mic',b'1','tn8.png'),
('SP135','Màn hình IPS 24 inch','DM04',2590000,'75Hz | 99% sRGB | 5ms | FreeSync | Viền mỏng',b'1','mh8.png'),
('SP136','Laptop văn phòng Core i3','DM05',10900000,'i3-1115G4 | 8GB | 256GB | FHD | Pin 7h',b'1','lap10.png'),
('SP137','Laptop Gaming RTX 3060','DM06',24900000,'RTX 3060 | 144Hz | i7-11800H | 16GB | 1TB',b'1','lapG10.png'),
('SP138','PC GVN i5-13400F','DM07',16900000,'i5-13400F | 32GB | RTX 4060Ti | 750W Gold',b'1','pc10.png'),
('SP139','Mainboard ASRock B550M','DM08',2390000,'AM4 | PCIe 4.0 | 1 M.2 | Realtek | Compact',b'1','main8.png'),
('SP140','Case Mid Tower RGB Glass','DM09',1490000,'Kính 2 mặt | 6 fan RGB | Hub | 360mm AIO',b'1','case4.png'),
('SP141','RAM Kingston Fury 8GB','DM10',890000,'DDR4 3200 CL16 | XMP | Tản nhiệt | Lifetime',b'1','ram4.png'),
('SP142','Loa mini Bluetooth chống nước','DM11',690000,'IPX7 | 10W | Pin 12h | TWS | 360° sound',b'1','loa7.png'),
('SP143','Lót chuột Logitech G640','DM12',490000,'Cloth 460x400 | 3mm | Speed | G series',b'1','lot10.png'),
('SP144','Ghế gaming lưng cao Titan','DM13',8990000,'Da thật | Tay 4D | Ngả 180° | Tải 150kg',b'1','bg10.png'),
('SP145','Console RetroStation 3000','DM14',4990000,'3000 game | 2 tay | HDMI 1080p | AV | 128GB',b'1','cs7.png'),
('SP146','Cáp HDMI 2.1 8K','DM15',350000,'8K@60Hz | 48Gbps | eARC | VRR | 2m | Mạ vàng',b'1','pk9.png'),
('SP147','Chuột Gaming RGB 6 nút','DM01',450000,'DPI 7200 | RGB 16.8M | Silent click | 78g | 20M',b'1','c13.png'),
('SP148','Bàn phím cơ Red Switch','DM02',890000,'Red linear | RGB rainbow | Hot-swap | NKRO | PBT',b'1','bp9.png'),
('SP149','Tai nghe chụp tai Studio','DM03',1290000,'50mm | Hi-Res | Mic rời | Đệm Memory | 280g',b'1','tn9.png'),
('SP150','Màn hình 2K 27 inch','DM04',3990000,'IPS 165Hz | 1ms | 127% sRGB | HDR400 | G-Sync',b'1','mh9.png'),
('SP151','Laptop học sinh giá rẻ','DM05',8900000,'i3-1115G4 | 8GB | 256GB NVMe | FHD | Pin 7h',b'1','lap11.png'),
('SP152','Laptop Gaming RTX 3070','DM06',27900000,'RTX 3070 | 165Hz | i7-11800H | 16GB | 1TB Gen4',b'1','lapG11.png'),
('SP153','PC GVN Ryzen 5 5600X','DM07',15900000,'5600X | 32GB | RX 6700XT | Tản nước RGB | 1TB',b'1','pc11.png'),
('SP154','Mainboard MSI B450M Pro','DM08',2190000,'AM4 | PCIe 4.0 | 1 M.2 | Realtek | Compact',b'1','main9.png'),
('SP155','Nguồn 750W 80+ Bronze','DM09',1790000,'750W | Semi-modular | 120mm | 80+ Bronze | 5 năm',b'1','ng6.png'),
('SP156','SSD SATA 1TB Samsung','DM10',1590000,'SATA 560MB/s | 3D NAND | 5 năm BH | Magician',b'1','hard6.png'),
('SP157','Loa Soundbar mini','DM11',1290000,'30W | Bluetooth 5.0 | Optical | Remote | Wall-mount',b'1','loa8.png'),
('SP158','Lót chuột chống trượt XL','DM12',390000,'800x300 | 4mm | Cloth | Stitched | Anti-slip',b'1','lot11.png'),
('SP159','Ghế văn phòng lưng lưới','DM13',3590000,'Lưới thoáng | Tay 3D | Ngả 135° | Tải 120kg',b'1','bg11.png'),
('SP160','Console GameBox 4K','DM14',6990000,'4K HDR | 256GB | 4 tay cầm | Android 11 | WiFi 6',b'1','cs8.png'),
('SP161','Cáp sạc nhanh USB-C 60W','DM15',290000,'PD 60W | QC 4.0 | Nylon bện | 1.2m | LED',b'1','pk10.png'),
('SP162','Chuột Gaming RGB 8 nút','DM01',490000,'DPI 12K | RGB 11 vùng | Macro | Switch 50M | 95g',b'1','c14.png'),
('SP163','Bàn phím cơ Blue Switch','DM02',790000,'Blue clicky | RGB | NKRO | Anti-ghost | PBT',b'1','bp10.png'),
('SP164','Tai nghe Bluetooth ANC','DM03',1590000,'ANC -38dB | Pin 35h | 40mm | Foldable | App EQ',b'1','tn10.png'),
('SP165','Màn hình cong 32 inch','DM04',4590000,'VA 165Hz | 1500R | 1ms | 122% sRGB | 2K',b'1','mh10.png'),
('SP166','Laptop đồ họa Core i7','DM05',18900000,'i7-12700H | RTX 3050Ti | 16GB | 1TB | FHD 144Hz',b'1','lap12.png'),
('SP167','Laptop Gaming Legion 5','DM06',25900000,'RTX 3060 | 165Hz | Ryzen 7 | 16GB | 1TB Gen4',b'1','lapG12.png'),
('SP168','PC GVN i7-13700K','DM07',22900000,'i7-13700K | 32GB DDR5 | RTX 4070Ti | AIO 360mm',b'1','pc12.png'),
('SP169','Mainboard MSI MAG B760','DM08',3190000,'LGA1700 | DDR5 | PCIe 5.0 | WiFi 6E | 2.5G LAN',b'1','main10.png'),
('SP170','Nguồn 850W 80+ Gold','DM09',2590000,'Full modular | 140mm FDB | Zero RPM | 10 năm',b'1','ng7.png'),
('SP171','SSD 2TB Gen4 NVMe','DM10',2990000,'7400MB/s | Heatsink | PS5 ready | 5 năm BH',b'1','hard7.png'),
('SP172','Loa Soundbar Bluetooth','DM11',2190000,'60W | Sub out | Optical | Dolby | Remote',b'1','loa9.png'),
('SP173','Lót chuột SteelSeries XL','DM12',450000,'900x400 | 4mm | Cloth | Stitched | Anti-slip',b'1','lot12.png'),
('SP174','Ghế văn phòng lưng lưới','DM13',3590000,'Lưới thoáng | Tay 3D | Ngả 135° | Tải 120kg',b'1','bg12.png'),
('SP175','Console GameBox 4K','DM14',6990000,'8K upscale | 256GB | 4 tay | Android 11 | WiFi 6',b'1','cs9.png'),
('SP176','Cáp sạc USB-C to Lightning','DM15',290000,'MFi | PD 20W | Nylon | 1.2m | LED',b'1','pk11.png'),
('SP177','Chuột LED RGB Silent','DM01',370000,'Silent click | RGB 7 màu | DPI 3200 | 4 nút',b'1','c15.png'),
('SP178','Bàn phím cơ mini 60%','DM02',790000,'60% | Brown switch | RGB | Hot-swap | NKRO',b'1','bp11.png'),
('SP179','Tai nghe Bluetooth Sport','DM03',690000,'IPX5 | Pin 20h | Magnetic | 10mm | Mic',b'1','tn11.png'),
('SP180','Màn hình IPS 24 inch','DM04',2590000,'75Hz | 99% sRGB | 5ms | FreeSync | Viền mỏng',b'1','mh11.png'),
('SP181','Laptop văn phòng Core i3','DM05',10900000,'i3-1115G4 | 8GB | 256GB | FHD | Pin 7h',b'1','lap13.png'),
('SP182','Laptop Gaming RTX 3060','DM06',24900000,'RTX 3060 | 144Hz | i7-11800H | 16GB | 1TB',b'1','lapG13.png'),
('SP183','PC GVN i5-13400F','DM07',16900000,'i5-13400F | 32GB | RTX 4060Ti | 750W Gold',b'1','pc13.png'),
('SP184','Mainboard ASRock B550M','DM08',2390000,'AM4 | PCIe 4.0 | 1 M.2 | Realtek | Compact',b'1','main11.png'),
('SP185','Case Mid Tower RGB Glass','DM09',1490000,'Kính 2 mặt | 6 fan RGB | Hub | 360mm AIO',b'1','case5.png'),
('SP186','RAM Kingston Fury 8GB','DM10',890000,'DDR4 3200 CL16 | XMP | Tản nhiệt | Lifetime',b'1','ram5.png'),
('SP187','Loa mini Bluetooth chống nước','DM11',690000,'IPX7 | 10W | Pin 12h | TWS | 360° sound',b'1','loa10.png'),
('SP188','Lót chuột Logitech G640','DM12',490000,'Cloth 460x400 | 3mm | Speed | G series',b'1','lot13.png'),
('SP189','Ghế gaming lưng cao Titan','DM13',8990000,'Da thật | Tay 4D | Ngả 180° | Tải 150kg',b'1','bg13.png'),
('SP190','Console RetroStation 3000','DM14',4990000,'3000 game | 2 tay | HDMI 1080p | AV | 128GB',b'1','cs10.png'),
('SP191','Cáp HDMI 2.1 8K','DM15',350000,'8K@60Hz | 48Gbps | eARC | VRR | 2m | Mạ vàng',b'1','pk12.png'),
('SP192','Chuột Gaming RGB 6 nút','DM01',450000,'DPI 7200 | RGB 16.8M | Silent click | 78g | 20M',b'1','c16.png'),
('SP193','Bàn phím cơ Red Switch','DM02',890000,'Red linear | RGB rainbow | Hot-swap | NKRO | PBT',b'1','bp12.png'),
('SP194','Tai nghe chụp tai Studio','DM03',1290000,'50mm | Hi-Res | Mic rời | Đệm Memory | 280g',b'1','tn12.png'),
('SP195','Màn hình 2K 27 inch','DM04',3990000,'IPS 165Hz | 1ms | 127% sRGB | HDR400 | G-Sync',b'1','mh12.png'),
('SP196','Laptop học sinh giá rẻ','DM05',8900000,'i3-1115G4 | 8GB | 256GB NVMe | FHD | Pin 7h',b'1','lap14.png'),
('SP197','Laptop Gaming RTX 3070','DM06',27900000,'RTX 3070 | 165Hz | i7-11800H | 16GB | 1TB Gen4',b'1','lapG14.png'),
('SP198','PC GVN Ryzen 5 5600X','DM07',15900000,'5600X | 32GB | RX 6700XT | Tản nước RGB | 1TB',b'1','pc14.png'),
('SP199','Mainboard MSI B450M Pro','DM08',2190000,'AM4 | PCIe 4.0 | 1 M.2 | Realtek | Compact',b'1','main12.png'),
('SP200','Nguồn 750W 80+ Bronze','DM09',1790000,'750W | Semi-modular | 120mm | 80+ Bronze | 5 năm',b'1','ng8.png'),
('SP201','SSD SATA 1TB Samsung','DM10',1590000,'SATA 560MB/s | 3D NAND | 5 năm BH | Magician',b'1','hard8.png'),
('SP202','Loa Soundbar mini','DM11',1290000,'30W | Bluetooth 5.0 | Optical | Remote | Wall-mount',b'1','loa11.png'),
('SP203','Lót chuột chống trượt XL','DM12',390000,'800x300 | 4mm | Cloth | Stitched | Anti-slip',b'1','lot14.png'),
('SP204','Ghế văn phòng lưng lưới','DM13',3590000,'Lưới thoáng | Tay 3D | Ngả 135° | Tải 120kg',b'1','bg14.png'),
('SP205','Console GameBox 4K','DM14',6990000,'4K HDR | 256GB | 4 tay cầm | Android 11 | WiFi 6',b'1','cs11.png'),
('SP206','Cáp sạc nhanh USB-C 60W','DM15',290000,'PD 60W | QC 4.0 | Nylon bện | 1.2m | LED',b'1','pk13.png'),
('SP207','Chuột Gaming RGB 8 nút','DM01',490000,'DPI 12K | RGB 11 vùng | Macro | Switch 50M | 95g',b'1','c17.png'),
('SP208','Bàn phím cơ Blue Switch','DM02',790000,'Blue clicky | RGB | NKRO | Anti-ghost | PBT',b'1','bp13.png'),
('SP209','Tai nghe Bluetooth ANC','DM03',1590000,'ANC -38dB | Pin 35h | 40mm | Foldable | App EQ',b'1','tn13.png'),
('SP210','Màn hình cong 32 inch','DM04',4590000,'VA 165Hz | 1500R | 1ms | 122% sRGB | 2K',b'1','mh13.png'),
('SP211','Laptop đồ họa Core i7','DM05',18900000,'i7-12700H | RTX 3050Ti | 16GB | 1TB | FHD 144Hz',b'1','lap15.png'),
('SP212','Laptop Gaming Legion 5','DM06',25900000,'RTX 3060 | 165Hz | Ryzen 7 | 16GB | 1TB Gen4',b'1','lapG15.png'),
('SP213','PC GVN i7-13700K','DM07',22900000,'i7-13700K | 32GB DDR5 | RTX 4070Ti | AIO 360mm',b'1','pc15.png'),
('SP214','Mainboard MSI MAG B760','DM08',3190000,'LGA1700 | DDR5 | PCIe 5.0 | WiFi 6E | 2.5G LAN',b'1','main13.png'),
('SP215','Nguồn 850W 80+ Gold','DM09',2590000,'Full modular | 140mm FDB | Zero RPM | 10 năm',b'1','ng9.png'),
('SP216','SSD 2TB Gen4 NVMe','DM10',2990000,'7400MB/s | Heatsink | PS5 ready | 5 năm BH',b'1','hard9.png'),
('SP217','Loa Soundbar Bluetooth','DM11',2190000,'60W | Sub out | Optical | Dolby | Remote',b'1','loa12.png'),
('SP218','Lót chuột SteelSeries XL','DM12',450000,'900x400 | 4mm | Cloth | Stitched | Anti-slip',b'1','lot15.png'),
('SP219','Ghế văn phòng lưng lưới','DM13',3590000,'Lưới thoáng | Tay 3D | Ngả 135° | Tải 120kg',b'1','bg15.png'),
('SP220','Console GameBox 4K','DM14',6990000,'8K upscale | 256GB | 4 tay | Android 11 | WiFi 6',b'1','cs12.png'),
('SP221','Cáp sạc USB-C to Lightning','DM15',290000,'MFi | PD 20W | Nylon | 1.2m | LED',b'1','pk14.png'),
('SP222','Chuột LED RGB Silent','DM01',370000,'Silent click | RGB 7 màu | DPI 3200 | 4 nút',b'1','c18.png'),
('SP223','Bàn phím cơ mini 60%','DM02',790000,'60% | Brown switch | RGB | Hot-swap | NKRO',b'1','bp14.png'),
('SP224','Tai nghe Bluetooth Sport','DM03',690000,'IPX5 | Pin 20h | Magnetic | 10mm | Mic',b'1','tn14.png'),
('SP225','Màn hình IPS 24 inch','DM04',2590000,'75Hz | 99% sRGB | 5ms | FreeSync | Viền mỏng',b'1','mh14.png'),
('SP226','Laptop văn phòng Core i3','DM05',10900000,'i3-1115G4 | 8GB | 256GB | FHD | Pin 7h',b'1','lap16.png'),
('SP227','Laptop Gaming RTX 3060','DM06',24900000,'RTX 3060 | 144Hz | i7-11800H | 16GB | 1TB',b'1','lapG16.png'),
('SP228','PC GVN i5-13400F','DM07',16900000,'i5-13400F | 32GB | RTX 4060Ti | 750W Gold',b'1','pc16.png'),
('SP229','Mainboard ASRock B550M','DM08',2390000,'AM4 | PCIe 4.0 | 1 M.2 | Realtek | Compact',b'1','main14.png'),
('SP230','Case Mid Tower RGB Glass','DM09',1490000,'Kính 2 mặt | 6 fan RGB | Hub | 360mm AIO',b'1','case6.png'),
('SP231','RAM Kingston Fury 8GB','DM10',890000,'DDR4 3200 CL16 | XMP | Tản nhiệt | Lifetime',b'1','ram6.png'),
('SP232','Loa mini Bluetooth chống nước','DM11',690000,'IPX7 | 10W | Pin 12h | TWS | 360° sound',b'1','loa13.png'),
('SP233','Lót chuột Logitech G640','DM12',490000,'Cloth 460x400 | 3mm | Speed | G series',b'1','lot16.png'),
('SP234','Ghế gaming lưng cao Titan','DM13',8990000,'Da thật | Tay 4D | Ngả 180° | Tải 150kg',b'1','bg16.png'),
('SP235','Console RetroStation 3000','DM14',4990000,'3000 game | 2 tay | HDMI 1080p | AV | 128GB',b'1','cs13.png'),
('SP236','Cáp HDMI 2.1 8K','DM15',350000,'8K@60Hz | 48Gbps | eARC | VRR | 2m | Mạ vàng',b'1','pk15.png'),
('SP237','Chuột Gaming RGB 6 nút','DM01',450000,'DPI 7200 | RGB 16.8M | Silent click | 78g | 20M',b'1','c19.png'),
('SP238','Bàn phím cơ Red Switch','DM02',890000,'Red linear | RGB rainbow | Hot-swap | NKRO | PBT',b'1','bp15.png'),
('SP239','Tai nghe chụp tai Studio','DM03',1290000,'50mm | Hi-Res | Mic rời | Đệm Memory | 280g',b'1','tn15.png'),
('SP240','Màn hình 2K 27 inch','DM04',3990000,'IPS 165Hz | 1ms | 127% sRGB | HDR400 | G-Sync',b'1','mh15.png'),
('SP241','Laptop học sinh giá rẻ','DM05',8900000,'i3-1115G4 | 8GB | 256GB NVMe | FHD | Pin 7h',b'1','lap17.png'),
('SP242','Laptop Gaming RTX 3070','DM06',27900000,'RTX 3070 | 165Hz | i7-11800H | 16GB | 1TB Gen4',b'1','lapG17.png'),
('SP243','PC GVN Ryzen 5 5600X','DM07',15900000,'5600X | 32GB | RX 6700XT | Tản nước RGB | 1TB',b'1','pc17.png'),
('SP244','Mainboard MSI B450M Pro','DM08',2190000,'AM4 | PCIe 4.0 | 1 M.2 | Realtek | Compact',b'1','main15.png'),
('SP245','Nguồn 750W 80+ Bronze','DM09',1790000,'750W | Semi-modular | 120mm | 80+ Bronze | 5 năm',b'1','ng10.png'),
('SP246','SSD SATA 1TB Samsung','DM10',1590000,'SATA 560MB/s | 3D NAND | 5 năm BH | Magician',b'1','hard10.png'),
('SP247','Loa Soundbar mini','DM11',1290000,'30W | Bluetooth 5.0 | Optical | Remote | Wall-mount',b'1','loa14.png'),
('SP248','Lót chuột chống trượt XL','DM12',390000,'800x300 | 4mm | Cloth | Stitched | Anti-slip',b'1','lot17.png'),
('SP249','Ghế văn phòng lưng lưới','DM13',3590000,'Lưới thoáng | Tay 3D | Ngả 135° | Tải 120kg',b'1','bg17.png'),
('SP250','Console GameBox 4K','DM14',6990000,'4K HDR | 256GB | 4 tay cầm | Android 11 | WiFi 6',b'1','cs14.png'),
('SP251','Cáp sạc nhanh USB-C 60W','DM15',290000,'PD 60W | QC 4.0 | Nylon bện | 1.2m | LED',b'1','pk16.png'),
('SP252','Chuột Gaming RGB 8 nút','DM01',490000,'DPI 12K | RGB 11 vùng | Macro | Switch 50M | 95g',b'1','c20.png'),
('SP253','Bàn phím cơ Blue Switch','DM02',790000,'Blue clicky | RGB | NKRO | Anti-ghost | PBT',b'1','bp16.png'),
('SP254','Tai nghe Bluetooth ANC','DM03',1590000,'ANC -38dB | Pin 35h | 40mm | Foldable | App EQ',b'1','tn16.png'),
('SP255','Màn hình cong 32 inch','DM04',4590000,'VA 165Hz | 1500R | 1ms | 122% sRGB | 2K',b'1','mh16.png'),
('SP256','Laptop đồ họa Core i7','DM05',18900000,'i7-12700H | RTX 3050Ti | 16GB | 1TB | FHD 144Hz',b'1','lap18.png'),
('SP257','Laptop Gaming Legion 5','DM06',25900000,'RTX 3060 | 165Hz | Ryzen 7 | 16GB | 1TB Gen4',b'1','lapG18.png'),
('SP258','PC GVN i7-13700K','DM07',22900000,'i7-13700K | 32GB DDR5 | RTX 4070Ti | AIO 360mm',b'1','pc18.png'),
('SP259','Mainboard MSI MAG B760','DM08',3190000,'LGA1700 | DDR5 | PCIe 5.0 | WiFi 6E | 2.5G LAN',b'1','main16.png'),
('SP260','Nguồn 850W 80+ Gold','DM09',2590000,'Full modular | 140mm FDB | Zero RPM | 10 năm',b'1','ng11.png'),
('SP261','SSD 2TB Gen4 NVMe','DM10',2990000,'7400MB/s | Heatsink | PS5 ready | 5 năm BH',b'1','hard11.png'),
('SP262','Loa Soundbar Bluetooth','DM11',2190000,'60W | Sub out | Optical | Dolby | Remote',b'1','loa15.png'),
('SP263','Lót chuột SteelSeries XL','DM12',450000,'900x400 | 4mm | Cloth | Stitched | Anti-slip',b'1','lot18.png'),
('SP264','Ghế văn phòng lưng lưới','DM13',3590000,'Lưới thoáng | Tay 3D | Ngả 135° | Tải 120kg',b'1','bg18.png'),
('SP265','Console GameBox 4K','DM14',6990000,'8K upscale | 256GB | 4 tay | Android 11 | WiFi 6',b'1','cs15.png'),
('SP266','Cáp sạc USB-C to Lightning','DM15',290000,'MFi | PD 20W | Nylon | 1.2m | LED',b'1','pk17.png'),
('SP267','Chuột LED RGB Silent','DM01',370000,'Silent click | RGB 7 màu | DPI 3200 | 4 nút',b'1','c21.png'),
('SP268','Bàn phím cơ mini 60%','DM02',790000,'60% | Brown switch | RGB | Hot-swap | NKRO',b'1','bp17.png'),
('SP269','Tai nghe Bluetooth Sport','DM03',690000,'IPX5 | Pin 20h | Magnetic | 10mm | Mic',b'1','tn17.png'),
('SP270','Màn hình IPS 24 inch','DM04',2590000,'75Hz | 99% sRGB | 5ms | FreeSync | Viền mỏng',b'1','mh17.png'),
('SP271','Laptop văn phòng Core i3','DM05',10900000,'i3-1115G4 | 8GB | 256GB | FHD | Pin 7h',b'1','lap19.png'),
('SP272','Laptop Gaming RTX 3060','DM06',24900000,'RTX 3060 | 144Hz | i7-11800H | 16GB | 1TB',b'1','lapG19.png'),
('SP273','PC GVN i5-13400F','DM07',16900000,'i5-13400F | 32GB | RTX 4060Ti | 750W Gold',b'1','pc19.png'),
('SP274','Mainboard ASRock B550M','DM08',2390000,'AM4 | PCIe 4.0 | 1 M.2 | Realtek | Compact',b'1','main17.png'),
('SP275','Case Mid Tower RGB Glass','DM09',1490000,'Kính 2 mặt | 6 fan RGB | Hub | 360mm AIO',b'1','case7.png'),
('SP276','RAM Kingston Fury 8GB','DM10',890000,'DDR4 3200 CL16 | XMP | Tản nhiệt | Lifetime',b'1','ram7.png'),
('SP277','Loa mini Bluetooth chống nước','DM11',690000,'IPX7 | 10W | Pin 12h | TWS | 360° sound',b'1','loa16.png'),
('SP278','Lót chuột Logitech G640','DM12',490000,'Cloth 460x400 | 3mm | Speed | G series',b'1','lot19.png'),
('SP279','Ghế gaming lưng cao Titan','DM13',8990000,'Da thật | Tay 4D | Ngả 180° | Tải 150kg',b'1','bg19.png'),
('SP280','Console RetroStation 3000','DM14',4990000,'3000 game | 2 tay | HDMI 1080p | AV | 128GB',b'1','cs16.png'),
('SP281','Cáp HDMI 2.1 8K','DM15',350000,'8K@60Hz | 48Gbps | eARC | VRR | 2m | Mạ vàng',b'1','pk18.png'),
('SP282','Chuột Gaming RGB 6 nút','DM01',450000,'DPI 7200 | RGB 16.8M | Silent click | 78g | 20M',b'1','c22.png'),
('SP283','Bàn phím cơ Red Switch','DM02',890000,'Red linear | RGB rainbow | Hot-swap | NKRO | PBT',b'1','bp18.png'),
('SP284','Tai nghe chụp tai Studio','DM03',1290000,'50mm | Hi-Res | Mic rời | Đệm Memory | 280g',b'1','tn18.png'),
('SP285','Màn hình 2K 27 inch','DM04',3990000,'IPS 165Hz | 1ms | 127% sRGB | HDR400 | G-Sync',b'1','mh18.png'),
('SP286','Laptop học sinh giá rẻ','DM05',8900000,'i3-1115G4 | 8GB | 256GB NVMe | FHD | Pin 7h',b'1','lap20.png'),
('SP287','Laptop Gaming RTX 3070','DM06',27900000,'RTX 3070 | 165Hz | i7-11800H | 16GB | 1TB Gen4',b'1','lapG20.png'),
('SP288','PC GVN Ryzen 5 5600X','DM07',15900000,'5600X | 32GB | RX 6700XT | Tản nước RGB | 1TB',b'1','pc20.png'),
('SP289','Mainboard MSI B450M Pro','DM08',2190000,'AM4 | PCIe 4.0 | 1 M.2 | Realtek | Compact',b'1','main18.png'),
('SP290','Nguồn 750W 80+ Bronze','DM09',1790000,'750W | Semi-modular | 120mm | 80+ Bronze | 5 năm',b'1','ng12.png'),
('SP291','SSD SATA 1TB Samsung','DM10',1590000,'SATA 560MB/s | 3D NAND | 5 năm BH | Magician',b'1','hard12.png'),
('SP292','Loa Soundbar mini','DM11',1290000,'30W | Bluetooth 5.0 | Optical | Remote | Wall-mount',b'1','loa17.png'),
('SP293','Lót chuột chống trượt XL','DM12',390000,'800x300 | 4mm | Cloth | Stitched | Anti-slip',b'1','lot20.png'),
('SP294','Ghế văn phòng lưng lưới','DM13',3590000,'Lưới thoáng | Tay 3D | Ngả 135° | Tải 120kg',b'1','bg20.png'),
('SP295','Console GameBox 4K','DM14',6990000,'4K HDR | 256GB | 4 tay cầm | Android 11 | WiFi 6',b'1','cs17.png'),
('SP296','Cáp sạc nhanh USB-C 60W','DM15',290000,'PD 60W | QC 4.0 | Nylon bện | 1.2m | LED',b'1','pk19.png'),
('SP297','Chuột Gaming RGB 8 nút','DM01',490000,'DPI 12K | RGB 11 vùng | Macro | Switch 50M | 95g',b'1','c23.png'),
('SP298','Bàn phím cơ Blue Switch','DM02',790000,'Blue clicky | RGB | NKRO | Anti-ghost | PBT',b'1','bp19.png'),
('SP299','Tai nghe Bluetooth ANC','DM03',1590000,'ANC -38dB | Pin 35h | 40mm | Foldable | App EQ',b'1','tn19.png'),
('SP300','Màn hình cong 32 inch','DM04',4590000,'VA 165Hz | 1500R | 1ms | 122% sRGB | 2K',b'1','mh19.png'),
('SP301','Laptop đồ họa Core i7','DM05',18900000,'i7-12700H | RTX 3050Ti | 16GB | 1TB | FHD 144Hz',b'1','lap21.png'),
('SP302','Laptop Gaming Legion 5','DM06',25900000,'RTX 3060 | 165Hz | Ryzen 7 | 16GB | 1TB Gen4',b'1','lapG21.png'),
('SP303','PC GVN i7-13700K','DM07',22900000,'i7-13700K | 32GB DDR5 | RTX 4070Ti | AIO 360mm',b'1','pc21.png'),
('SP304','Mainboard MSI MAG B760','DM08',3190000,'LGA1700 | DDR5 | PCIe 5.0 | WiFi 6E | 2.5G LAN',b'1','main19.png'),
('SP305','Nguồn 850W 80+ Gold','DM09',2590000,'Full modular | 140mm FDB | Zero RPM | 10 năm',b'1','ng13.png'),
('SP306','SSD 2TB Gen4 NVMe','DM10',2990000,'7400MB/s | Heatsink | PS5 ready | 5 năm BH',b'1','hard13.png'),
('SP307','Loa Soundbar Bluetooth','DM11',2190000,'60W | Sub out | Optical | Dolby | Remote',b'1','loa18.png'),
('SP308','Lót chuột SteelSeries XL','DM12',450000,'900x400 | 4mm | Cloth | Stitched | Anti-slip',b'1','lot21.png'),
('SP309','Ghế văn phòng lưng lưới','DM13',3590000,'Lưới thoáng | Tay 3D | Ngả 135° | Tải 120kg',b'1','bg21.png'),
('SP310','Console GameBox 4K','DM14',6990000,'8K upscale | 256GB | 4 tay | Android 11 | WiFi 6',b'1','cs18.png'),
('SP311','Cáp sạc USB-C to Lightning','DM15',290000,'MFi | PD 20W | Nylon | 1.2m | LED',b'1','pk20.png'),
('SP312','Chuột LED RGB Silent','DM01',370000,'Silent click | RGB 7 màu | DPI 3200 | 4 nút',b'1','c24.png'),
('SP313','Bàn phím cơ mini 60%','DM02',790000,'60% | Brown switch | RGB | Hot-swap | NKRO',b'1','bp20.png'),
('SP314','Tai nghe Bluetooth Sport','DM03',690000,'IPX5 | Pin 20h | Magnetic | 10mm | Mic',b'1','tn20.png'),
('SP315','Màn hình IPS 24 inch','DM04',2590000,'75Hz | 99% sRGB | 5ms | FreeSync | Viền mỏng',b'1','mh20.png'),
('SP316','Laptop văn phòng Core i3','DM05',10900000,'i3-1115G4 | 8GB | 256GB | FHD | Pin 7h',b'1','lap22.png'),
('SP317','Laptop Gaming RTX 3060','DM06',24900000,'RTX 3060 | 144Hz | i7-11800H | 16GB | 1TB',b'1','lapG22.png'),
('SP318','PC GVN i5-13400F','DM07',16900000,'i5-13400F | 32GB | RTX 4060Ti | 750W Gold',b'1','pc22.png'),
('SP319','Mainboard ASRock B550M','DM08',2390000,'AM4 | PCIe 4.0 | 1 M.2 | Realtek | Compact',b'1','main20.png'),
('SP320','Case Mid Tower RGB Glass','DM09',1490000,'Kính 2 mặt | 6 fan RGB | Hub | 360mm AIO',b'1','case8.png'),
('SP321','RAM Kingston Fury 8GB','DM10',890000,'DDR4 3200 CL16 | XMP | Tản nhiệt | Lifetime',b'1','ram8.png'),
('SP322','Loa mini Bluetooth chống nước','DM11',690000,'IPX7 | 10W | Pin 12h | TWS | 360° sound',b'1','loa19.png'),
('SP323','Lót chuột Logitech G640','DM12',490000,'Cloth 460x400 | 3mm | Speed | G series',b'1','lot22.png'),
('SP324','Ghế gaming lưng cao Titan','DM13',8990000,'Da thật | Tay 4D | Ngả 180° | Tải 150kg',b'1','bg22.png'),
('SP325','Console RetroStation 3000','DM14',4990000,'3000 game | 2 tay | HDMI 1080p | AV | 128GB',b'1','cs19.png'),
('SP326','Cáp HDMI 2.1 8K','DM15',350000,'8K@60Hz | 48Gbps | eARC | VRR | 2m | Mạ vàng',b'1','pk21.png'),
('SP327','Chuột Gaming RGB 6 nút','DM01',450000,'DPI 7200 | RGB 16.8M | Silent click | 78g | 20M',b'1','c25.png'),
('SP328','Bàn phím cơ Red Switch','DM02',890000,'Red linear | RGB rainbow | Hot-swap | NKRO | PBT',b'1','bp21.png'),
('SP329','Tai nghe chụp tai Studio','DM03',1290000,'50mm | Hi-Res | Mic rời | Đệm Memory | 280g',b'1','tn21.png'),
('SP330','Màn hình 2K 27 inch','DM04',3990000,'IPS 165Hz | 1ms | 127% sRGB | HDR400 | G-Sync',b'1','mh21.png'),
('SP331','Laptop học sinh giá rẻ','DM05',8900000,'i3-1115G4 | 8GB | 256GB NVMe | FHD | Pin 7h',b'1','lap23.png'),
('SP332','Laptop Gaming RTX 3070','DM06',27900000,'RTX 3070 | 165Hz | i7-11800H | 16GB | 1TB Gen4',b'1','lapG23.png'),
('SP333','PC GVN Ryzen 5 5600X','DM07',15900000,'5600X | 32GB | RX 6700XT | Tản nước RGB | 1TB',b'1','pc23.png'),
('SP334','Mainboard MSI B450M Pro','DM08',2190000,'AM4 | PCIe 4.0 | 1 M.2 | Realtek | Compact',b'1','main21.png'),
('SP335','Nguồn 750W 80+ Bronze','DM09',1790000,'750W | Semi-modular | 120mm | 80+ Bronze | 5 năm',b'1','ng14.png'),
('SP336','SSD SATA 1TB Samsung','DM10',1590000,'SATA 560MB/s | 3D NAND | 5 năm BH | Magician',b'1','hard14.png'),
('SP337','Loa Soundbar mini','DM11',1290000,'30W | Bluetooth 5.0 | Optical | Remote | Wall-mount',b'1','loa20.png'),
('SP338','Lót chuột chống trượt XL','DM12',390000,'800x300 | 4mm | Cloth | Stitched | Anti-slip',b'1','lot23.png'),
('SP339','Ghế văn phòng lưng lưới','DM13',3590000,'Lưới thoáng | Tay 3D | Ngả 135° | Tải 120kg',b'1','bg23.png'),
('SP340','Console GameBox 4K','DM14',6990000,'4K HDR | 256GB | 4 tay cầm | Android 11 | WiFi 6',b'1','cs20.png'),
('SP341','Cáp sạc nhanh USB-C 60W','DM15',290000,'PD 60W | QC 4.0 | Nylon bện | 1.2m | LED',b'1','pk22.png');

-- Bảng: tbl_nhanvien
INSERT INTO `tbl_nhanvien` (`MaNV`, `TenNV`, `GioiTinh`, `NgaySinh`, `SoDienThoai`, `MaCH`) VALUES
('NV01', 'Trần Vĩ Khang', 'Nam', '2004-04-10', '0385227825', 'CH01'),
('NV02', 'Nguyễn Văn Bình', 'Nam', '2001-02-15', '0912345678', 'CH01'),
('NV03', 'Lê Thị Hoa', 'Nữ', '1999-11-22', '0934556677', 'CH02');

-- Bảng: tbl_taikhoan
INSERT INTO `tbl_taikhoan` (`TenDangNhap`, `MatKhau`, `MaNV`, `VaiTro`) VALUES
('admin', '123456', 'NV01', 'QuanLy'),
('nv_binh', '123456', 'NV02', 'NhanVien'),
('nv_hoa', '123456', 'NV03', 'NhanVien');

-- Bảng: tbl_khachhang
INSERT INTO `tbl_khachhang` (`MaKH`,`TenKH`,`SoDienThoai`,`DiaChi`) VALUES
('KH01','Nguyễn Minh','0911222333','An Giang'),
('KH02','Trần Hậu','0988777666','Cần Thơ'),
('KH03','Phạm Lan','0909888777','Đồng Tháp'),
('KH04','Lê Hoàng','0933111222','Long An'),
('KH05','Vũ Thị Mai','0977444555','Tiền Giang'),
('KH06','Đỗ Văn Nam','0919555666','Vĩnh Long'),
('KH07','Huỳnh Kim','0944777888','Bến Tre'),
('KH08','Trương Anh Tuấn','0908111222','Kiên Giang'),
('KH09','Bùi Ngọc','0922333444','Sóc Trăng'),
('KH10','Hà Văn Hùng','0966888999','Bạc Liêu'),
('KH11','Dương Thị Linh','0912345678','Cà Mau'),
('KH12','Phan Quốc Bảo','0987654321','Hậu Giang'),
('KH13','Mai Văn Khôi','0934567890','Tây Ninh'),
('KH14','Tô Thị Hồng','0976543210','Bình Phước'),
('KH15','Lý Minh Tuấn','0901234567','Đắk Lắk'),
('KH16','Ngô Bảo Châu','0919876543','Gia Lai'),
('KH17','Đinh Văn Long','0943210987','Kon Tum'),
('KH18','Võ Thị Thảo','0965432109','Đà Nẵng'),
('KH19','Trần Đức','0998765432','Quảng Nam'),
('KH20','Hồ Văn Huy','0911122334','Quảng Ngãi'),
('KH21','Cao Thị Ngọc','0934455667','Bình Định'),
('KH22','Lương Văn Đạt','0955777888','Phú Yên'),
('KH23','Kiều Anh Dũng','0977999000','Khánh Hòa'),
('KH24','Mạc Văn Hiếu','0900011122','Ninh Thuận'),
('KH25','Tăng Thị Yến','0922233445','Bình Thuận'),
('KH26','Quách Văn Khoa','0944455667','Lâm Đồng'),
('KH27','Uông Thị Lan','0966677889','Đồng Nai'),
('KH28','Hứa Văn Minh','0988899001','Bà Rịa-Vũng Tàu'),
('KH29','Từ Thị Na','0911133445','TP Hồ Chí Minh'),
('KH30','Sầm Văn Phú','0933355777','Hà Nội');

-- Bảng: tbl_taikhoankhachhang
INSERT INTO `tbl_taikhoankhachhang` 
(`MaKH`,`LoaiDangNhap`,`TenDangNhap`,`Email`,`MatKhau`) VALUES
('KH01','local','nguyenminh01','nguyenminh@gmail.com','minh123'),
('KH02','local','tranhau02','tranhau@gmail.com','hau456'),
('KH03','local','phamlan03','phamlan@yahoo.com','lan789'),
('KH04','local','lehoang04','lehoang04@outlook.com','hoang2025'),
('KH05','local','vumai05','vumai@gmail.com','mai567'),
('KH06','local','namdo06','namdo@gmail.com','nam2023'),
('KH07','local','kimhuynh07','kimhuynh@yahoo.com','kim999'),
('KH08','local','tuantruong08','tuantruong@gmail.com','tuan111'),
('KH09','local','ngocbui09','ngocbui@gmail.com','ngoc222'),
('KH10','local','hungha10','hungha10@icloud.com','hung333'),
('KH11','local','linhduong11','linhduong@gmail.com','linh444'),
('KH12','local','baophan12','baophan@gmail.com','bao555'),
('KH13','local','khoimai13','khoimai@yahoo.com','khoi666'),
('KH14','local','hongto14','hongto14@gmail.com','hong777'),
('KH15','local','tuanly15','tuanly@gmail.com','tuan888'),
('KH16','local','chaungo16','chaungo@gmail.com','chau999'),
('KH17','local','longdinh17','longdinh@outlook.com','long000'),
('KH18','local','thaovo18','thaovo@gmail.com','thao111'),
('KH19','local','ductran19','ductran19@gmail.com','duc222'),
('KH20','local','huyho20','huyho@yahoo.com','huy333'),
('KH21','local','ngoccaothi21','ngoccaothi@gmail.com','ngoc444'),
('KH22','local','datluong22','datluong@gmail.com','dat555'),
('KH23','local','dungkieu23','dungkieu@icloud.com','dung666'),
('KH24','local','hieumac24','hieumac@gmail.com','hieu777'),
('KH25','local','yentang25','yentang@gmail.com','yen888'),
('KH26','local','khoaquach26','khoaquach@yahoo.com','khoa999'),
('KH27','local','lanuong27','lanuong@gmail.com','lan000'),
('KH28','local','minhhua28','minhhua@gmail.com','minh111'),
('KH29','local','natuthi29','natuthi@gmail.com','na222'),
('KH30','local','phusam30','phusam@outlook.com','phu333');

-- Bảng: tbl_kho
INSERT INTO `tbl_kho` (`MaCH`, `MaSP`, `SoLuongTon`) VALUES
('CH01', 'SP01', 112), ('CH02', 'SP01', 98),
('CH01', 'SP02', 55), ('CH02', 'SP02', 60),
('CH01', 'SP03', 42), ('CH02', 'SP03', 45),
('CH01', 'SP04', 78), ('CH02', 'SP04', 80),
('CH01', 'SP05', 33), ('CH02', 'SP05', 31),
('CH01', 'SP06', 67), ('CH02', 'SP06', 72),
('CH01', 'SP07', 25), ('CH02', 'SP07', 29),
('CH01', 'SP08', 18), ('CH02', 'SP08', 15),
('CH01', 'SP09', 40), ('CH02', 'SP09', 38),
('CH01', 'SP10', 12), ('CH02', 'SP10', 11),
('CH01', 'SP11', 28), ('CH02', 'SP11', 25),
('CH01', 'SP12', 19), ('CH02', 'SP12', 17),
('CH01', 'SP13', 22), ('CH02', 'SP13', 20),
('CH01', 'SP14', 36), ('CH02', 'SP14', 33),
('CH01', 'SP15', 50), ('CH02', 'SP15', 48),
('CH01', 'SP16', 65), ('CH02', 'SP16', 62),
('CH01', 'SP17', 30), ('CH02', 'SP17', 28),
('CH01', 'SP18', 88), ('CH02', 'SP18', 95),
('CH01', 'SP19', 14), ('CH02', 'SP19', 12),
('CH01', 'SP20', 21), ('CH02', 'SP20', 19),
('CH01', 'SP21', 91), ('CH02', 'SP21', 87),
('CH01', 'SP22', 13), ('CH02', 'SP22', 12),
('CH01', 'SP23', 41), ('CH02', 'SP23', 39),
('CH01', 'SP24', 27), ('CH02', 'SP24', 23),
('CH01', 'SP25', 96), ('CH02', 'SP25', 99),
('CH01', 'SP26', 21), ('CH02', 'SP26', 25),
('CH01', 'SP27', 64), ('CH02', 'SP27', 59),
('CH01', 'SP28', 13), ('CH02', 'SP28', 10),
('CH01', 'SP29', 37), ('CH02', 'SP29', 35),
('CH01', 'SP30', 74), ('CH02', 'SP30', 78),
('CH01', 'SP31', 13), ('CH02', 'SP31', 16),
('CH01', 'SP32', 35), ('CH02', 'SP32', 40),
('CH01', 'SP33', 99), ('CH02', 'SP33', 102),
('CH01', 'SP34', 63), ('CH02', 'SP34', 61),
('CH01', 'SP35', 67), ('CH02', 'SP35', 71),
('CH01', 'SP36', 45), ('CH02', 'SP36', 40),
('CH01', 'SP37', 107), ('CH02', 'SP37', 104),
('CH01', 'SP38', 99), ('CH02', 'SP38', 100),
('CH01', 'SP39', 53), ('CH02', 'SP39', 52),
('CH01', 'SP40', 29), ('CH02', 'SP40', 27),
('CH01', 'SP41', 107), ('CH02', 'SP41', 107),
('CH01', 'SP42', 23), ('CH02', 'SP42', 19),
('CH01', 'SP43', 58), ('CH02', 'SP43', 54),
('CH01', 'SP44', 55), ('CH02', 'SP44', 55),
('CH01', 'SP45', 87), ('CH02', 'SP45', 86),
('CH01', 'SP46', 113), ('CH02', 'SP46', 108),
('CH01', 'SP47', 103), ('CH02', 'SP47', 105),
('CH01', 'SP48', 78), ('CH02', 'SP48', 74),
('CH01', 'SP49', 58), ('CH02', 'SP49', 54),
('CH01', 'SP50', 80), ('CH02', 'SP50', 79),
('CH01', 'SP51', 116), ('CH02', 'SP51', 121),
('CH01', 'SP52', 89), ('CH02', 'SP52', 89),
('CH01', 'SP53', 83), ('CH02', 'SP53', 81),
('CH01', 'SP54', 100), ('CH02', 'SP54', 96),
('CH01', 'SP55', 15), ('CH02', 'SP55', 20),
('CH01', 'SP56', 39), ('CH02', 'SP56', 38),
('CH01', 'SP57', 20), ('CH02', 'SP57', 18),
('CH01', 'SP58', 120), ('CH02', 'SP58', 116),
('CH01', 'SP59', 58), ('CH02', 'SP59', 57),
('CH01', 'SP60', 68), ('CH02', 'SP60', 73),
('CH01', 'SP61', 116), ('CH02', 'SP61', 116),
('CH01', 'SP62', 30), ('CH02', 'SP62', 30),
('CH01', 'SP63', 55), ('CH02', 'SP63', 53),
('CH01', 'SP64', 95), ('CH02', 'SP64', 94),
('CH01', 'SP65', 99), ('CH02', 'SP65', 104),
('CH01', 'SP66', 92), ('CH02', 'SP66', 88),
('CH01', 'SP67', 87), ('CH02', 'SP67', 92),
('CH01', 'SP68', 31), ('CH02', 'SP68', 34),
('CH01', 'SP69', 103), ('CH02', 'SP69', 101),
('CH01', 'SP70', 30), ('CH02', 'SP70', 32),
('CH01', 'SP71', 58), ('CH02', 'SP71', 57),
('CH01', 'SP72', 91), ('CH02', 'SP72', 94),
('CH01', 'SP73', 38), ('CH02', 'SP73', 43),
('CH01', 'SP74', 51), ('CH02', 'SP74', 46),
('CH01', 'SP75', 39), ('CH02', 'SP75', 34),
('CH01', 'SP76', 113), ('CH02', 'SP76', 113),
('CH01', 'SP77', 61), ('CH02', 'SP77', 60),
('CH01', 'SP78', 18), ('CH02', 'SP78', 16),
('CH01', 'SP79', 82), ('CH02', 'SP79', 82),
('CH01', 'SP80', 37), ('CH02', 'SP80', 42),
('CH01', 'SP81', 73), ('CH02', 'SP81', 74),
('CH01', 'SP82', 92), ('CH02', 'SP82', 94),
('CH01', 'SP83', 28), ('CH02', 'SP83', 27),
('CH01', 'SP84', 27), ('CH02', 'SP84', 25),
('CH01', 'SP85', 105), ('CH02', 'SP85', 108),
('CH01', 'SP86', 78), ('CH02', 'SP86', 77),
('CH01', 'SP87', 105), ('CH02', 'SP87', 109),
('CH01', 'SP88', 64), ('CH02', 'SP88', 68),
('CH01', 'SP89', 61), ('CH02', 'SP89', 61),
('CH01', 'SP90', 38), ('CH02', 'SP90', 35),
('CH01', 'SP91', 75), ('CH02', 'SP91', 77),
('CH01', 'SP92', 21), ('CH02', 'SP92', 16),
('CH01', 'SP93', 120), ('CH02', 'SP93', 116),
('CH01', 'SP94', 29), ('CH02', 'SP94', 34),
('CH01', 'SP95', 30), ('CH02', 'SP95', 35),
('CH01', 'SP96', 64), ('CH02', 'SP96', 68),
('CH01', 'SP97', 18), ('CH02', 'SP97', 19),
('CH01', 'SP98', 58), ('CH02', 'SP98', 62),
('CH01', 'SP99', 69), ('CH02', 'SP99', 72),
('CH01', 'SP100', 42), ('CH02', 'SP100', 45),
('CH01', 'SP101', 120), ('CH02', 'SP101', 115),
('CH01', 'SP102', 97), ('CH02', 'SP102', 93),
('CH01', 'SP103', 97), ('CH02', 'SP103', 100),
('CH01', 'SP104', 106), ('CH02', 'SP104', 105),
('CH01', 'SP105', 108), ('CH02', 'SP105', 113),
('CH01', 'SP106', 53), ('CH02', 'SP106', 49),
('CH01', 'SP107', 47), ('CH02', 'SP107', 48),
('CH01', 'SP108', 30), ('CH02', 'SP108', 32),
('CH01', 'SP109', 10), ('CH02', 'SP109', 10),
('CH01', 'SP110', 74), ('CH02', 'SP110', 71),
('CH01', 'SP111', 74), ('CH02', 'SP111', 70),
('CH01', 'SP112', 90), ('CH02', 'SP112', 89),
('CH01', 'SP113', 117), ('CH02', 'SP113', 122),
('CH01', 'SP114', 74), ('CH02', 'SP114', 78),
('CH01', 'SP115', 35), ('CH02', 'SP115', 32),
('CH01', 'SP116', 57), ('CH02', 'SP116', 54),
('CH01', 'SP117', 79), ('CH02', 'SP117', 82),
('CH01', 'SP118', 10), ('CH02', 'SP118', 14),
('CH01', 'SP119', 51), ('CH02', 'SP119', 53),
('CH01', 'SP120', 12), ('CH02', 'SP120', 10),
('CH01', 'SP121', 56), ('CH02', 'SP121', 55),
('CH01', 'SP122', 40), ('CH02', 'SP122', 35),
('CH01', 'SP123', 40), ('CH02', 'SP123', 44),
('CH01', 'SP124', 20), ('CH02', 'SP124', 16),
('CH01', 'SP125', 103), ('CH02', 'SP125', 105),
('CH01', 'SP126', 114), ('CH02', 'SP126', 110),
('CH01', 'SP127', 107), ('CH02', 'SP127', 110),
('CH01', 'SP128', 108), ('CH02', 'SP128', 105),
('CH01', 'SP129', 26), ('CH02', 'SP129', 31),
('CH01', 'SP130', 70), ('CH02', 'SP130', 73),
('CH01', 'SP131', 31), ('CH02', 'SP131', 30),
('CH01', 'SP132', 77), ('CH02', 'SP132', 81),
('CH01', 'SP133', 64), ('CH02', 'SP133', 62),
('CH01', 'SP134', 79), ('CH02', 'SP134', 77),
('CH01', 'SP135', 101), ('CH02', 'SP135', 100),
('CH01', 'SP136', 61), ('CH02', 'SP136', 66),
('CH01', 'SP137', 93), ('CH02', 'SP137', 93),
('CH01', 'SP138', 66), ('CH02', 'SP138', 69),
('CH01', 'SP139', 67), ('CH02', 'SP139', 63),
('CH01', 'SP140', 41), ('CH02', 'SP140', 39),
('CH01', 'SP141', 18), ('CH02', 'SP141', 18),
('CH01', 'SP142', 12), ('CH02', 'SP142', 16),
('CH01', 'SP143', 80), ('CH02', 'SP143', 78),
('CH01', 'SP144', 85), ('CH02', 'SP144', 83),
('CH01', 'SP145', 10), ('CH02', 'SP145', 10),
('CH01', 'SP146', 100), ('CH02', 'SP146', 105),
('CH01', 'SP147', 17), ('CH02', 'SP147', 15),
('CH01', 'SP148', 18), ('CH02', 'SP148', 13),
('CH01', 'SP149', 120), ('CH02', 'SP149', 120),
('CH01', 'SP150', 19), ('CH02', 'SP150', 22),
('CH01', 'SP151', 40), ('CH02', 'SP151', 39),
('CH01', 'SP152', 95), ('CH02', 'SP152', 97),
('CH01', 'SP153', 37), ('CH02', 'SP153', 40),
('CH01', 'SP154', 26), ('CH02', 'SP154', 30),
('CH01', 'SP155', 83), ('CH02', 'SP155', 85),
('CH01', 'SP156', 41), ('CH02', 'SP156', 43),
('CH01', 'SP157', 113), ('CH02', 'SP157', 114),
('CH01', 'SP158', 34), ('CH02', 'SP158', 30),
('CH01', 'SP159', 22), ('CH02', 'SP159', 27),
('CH01', 'SP160', 65), ('CH02', 'SP160', 65),
('CH01', 'SP161', 64), ('CH02', 'SP161', 65),
('CH01', 'SP162', 69), ('CH02', 'SP162', 64),
('CH01', 'SP163', 96), ('CH02', 'SP163', 101),
('CH01', 'SP164', 92), ('CH02', 'SP164', 88),
('CH01', 'SP165', 17), ('CH02', 'SP165', 18),
('CH01', 'SP166', 103), ('CH02', 'SP166', 103),
('CH01', 'SP167', 112), ('CH02', 'SP167', 108),
('CH01', 'SP168', 41), ('CH02', 'SP168', 39),
('CH01', 'SP169', 34), ('CH02', 'SP169', 37),
('CH01', 'SP170', 67), ('CH02', 'SP170', 64),
('CH01', 'SP171', 64), ('CH02', 'SP171', 61),
('CH01', 'SP172', 45), ('CH02', 'SP172', 47),
('CH01', 'SP173', 41), ('CH02', 'SP173', 37),
('CH01', 'SP174', 66), ('CH02', 'SP174', 69),
('CH01', 'SP175', 22), ('CH02', 'SP175', 17),
('CH01', 'SP176', 93), ('CH02', 'SP176', 96),
('CH01', 'SP177', 117), ('CH02', 'SP177', 112),
('CH01', 'SP178', 21), ('CH02', 'SP178', 19),
('CH01', 'SP179', 31), ('CH02', 'SP179', 32),
('CH01', 'SP180', 72), ('CH02', 'SP180', 74),
('CH01', 'SP181', 37), ('CH02', 'SP181', 38),
('CH01', 'SP182', 17), ('CH02', 'SP182', 14),
('CH01', 'SP183', 58), ('CH02', 'SP183', 53),
('CH01', 'SP184', 59), ('CH02', 'SP184', 58),
('CH01', 'SP185', 110), ('CH02', 'SP185', 112),
('CH01', 'SP186', 46), ('CH02', 'SP186', 47),
('CH01', 'SP187', 99), ('CH02', 'SP187', 102),
('CH01', 'SP188', 94), ('CH02', 'SP188', 96),
('CH01', 'SP189', 29), ('CH02', 'SP189', 27),
('CH01', 'SP190', 47), ('CH02', 'SP190', 45),
('CH01', 'SP191', 17), ('CH02', 'SP191', 21),
('CH01', 'SP192', 104), ('CH02', 'SP192', 107),
('CH01', 'SP193', 17), ('CH02', 'SP193', 17),
('CH01', 'SP194', 17), ('CH02', 'SP194', 12),
('CH01', 'SP195', 84), ('CH02', 'SP195', 86),
('CH01', 'SP196', 74), ('CH02', 'SP196', 77),
('CH01', 'SP197', 30), ('CH02', 'SP197', 25),
('CH01', 'SP198', 75), ('CH02', 'SP198', 71),
('CH01', 'SP199', 118), ('CH02', 'SP199', 115),
('CH01', 'SP200', 18), ('CH02', 'SP200', 22),
('CH01', 'SP201', 18), ('CH02', 'SP201', 23),
('CH01', 'SP202', 120), ('CH02', 'SP202', 118),
('CH01', 'SP203', 61), ('CH02', 'SP203', 57),
('CH01', 'SP204', 82), ('CH02', 'SP204', 80),
('CH01', 'SP205', 84), ('CH02', 'SP205', 88),
('CH01', 'SP206', 15), ('CH02', 'SP206', 19),
('CH01', 'SP207', 20), ('CH02', 'SP207', 21),
('CH01', 'SP208', 94), ('CH02', 'SP208', 98),
('CH01', 'SP209', 82), ('CH02', 'SP209', 85),
('CH01', 'SP210', 50), ('CH02', 'SP210', 49),
('CH01', 'SP211', 36), ('CH02', 'SP211', 41),
('CH01', 'SP212', 101), ('CH02', 'SP212', 101),
('CH01', 'SP213', 40), ('CH02', 'SP213', 39),
('CH01', 'SP214', 60), ('CH02', 'SP214', 57),
('CH01', 'SP215', 95), ('CH02', 'SP215', 100),
('CH01', 'SP216', 48), ('CH02', 'SP216', 50),
('CH01', 'SP217', 50), ('CH02', 'SP217', 46),
('CH01', 'SP218', 11), ('CH02', 'SP218', 13),
('CH01', 'SP219', 89), ('CH02', 'SP219', 93),
('CH01', 'SP220', 22), ('CH02', 'SP220', 18),
('CH01', 'SP221', 78), ('CH02', 'SP221', 76),
('CH01', 'SP222', 74), ('CH02', 'SP222', 73),
('CH01', 'SP223', 26), ('CH02', 'SP223', 26),
('CH01', 'SP224', 18), ('CH02', 'SP224', 16),
('CH01', 'SP225', 57), ('CH02', 'SP225', 56),
('CH01', 'SP226', 30), ('CH02', 'SP226', 32),
('CH01', 'SP227', 116), ('CH02', 'SP227', 119),
('CH01', 'SP228', 100), ('CH02', 'SP228', 99),
('CH01', 'SP229', 88), ('CH02', 'SP229', 93),
('CH01', 'SP230', 77), ('CH02', 'SP230', 72),
('CH01', 'SP231', 95), ('CH02', 'SP231', 98),
('CH01', 'SP232', 48), ('CH02', 'SP232', 53),
('CH01', 'SP233', 23), ('CH02', 'SP233', 20),
('CH01', 'SP234', 43), ('CH02', 'SP234', 39),
('CH01', 'SP235', 23), ('CH02', 'SP235', 26),
('CH01', 'SP236', 29), ('CH02', 'SP236', 28),
('CH01', 'SP237', 46), ('CH02', 'SP237', 50),
('CH01', 'SP238', 36), ('CH02', 'SP238', 36),
('CH01', 'SP239', 36), ('CH02', 'SP239', 41),
('CH01', 'SP240', 91), ('CH02', 'SP240', 90),
('CH01', 'SP241', 74), ('CH02', 'SP241', 76),
('CH01', 'SP242', 42), ('CH02', 'SP242', 37),
('CH01', 'SP243', 21), ('CH02', 'SP243', 26),
('CH01', 'SP244', 64), ('CH02', 'SP244', 63),
('CH01', 'SP245', 15), ('CH02', 'SP245', 10),
('CH01', 'SP246', 52), ('CH02', 'SP246', 49),
('CH01', 'SP247', 91), ('CH02', 'SP247', 90),
('CH01', 'SP248', 30), ('CH02', 'SP248', 32),
('CH01', 'SP249', 80), ('CH02', 'SP249', 81),
('CH01', 'SP250', 81), ('CH02', 'SP250', 76),
('CH01', 'SP251', 24), ('CH02', 'SP251', 20),
('CH01', 'SP252', 98), ('CH02', 'SP252', 95),
('CH01', 'SP253', 79), ('CH02', 'SP253', 74),
('CH01', 'SP254', 116), ('CH02', 'SP254', 116),
('CH01', 'SP255', 84), ('CH02', 'SP255', 87),
('CH01', 'SP256', 28), ('CH02', 'SP256', 29),
('CH01', 'SP257', 26), ('CH02', 'SP257', 21),
('CH01', 'SP258', 49), ('CH02', 'SP258', 49),
('CH01', 'SP259', 111), ('CH02', 'SP259', 106),
('CH01', 'SP260', 55), ('CH02', 'SP260', 53),
('CH01', 'SP261', 97), ('CH02', 'SP261', 95),
('CH01', 'SP262', 95), ('CH02', 'SP262', 91),
('CH01', 'SP263', 55), ('CH02', 'SP263', 58),
('CH01', 'SP264', 62), ('CH02', 'SP264', 66),
('CH01', 'SP265', 105), ('CH02', 'SP265', 102),
('CH01', 'SP266', 40), ('CH02', 'SP266', 37),
('CH01', 'SP267', 112), ('CH02', 'SP267', 109),
('CH01', 'SP268', 62), ('CH02', 'SP268', 57),
('CH01', 'SP269', 32), ('CH02', 'SP269', 32),
('CH01', 'SP270', 110), ('CH02', 'SP270', 111),
('CH01', 'SP271', 112), ('CH02', 'SP271', 117),
('CH01', 'SP272', 120), ('CH02', 'SP272', 118),
('CH01', 'SP273', 44), ('CH02', 'SP273', 41),
('CH01', 'SP274', 110), ('CH02', 'SP274', 106),
('CH01', 'SP275', 58), ('CH02', 'SP275', 53),
('CH01', 'SP276', 119), ('CH02', 'SP276', 121),
('CH01', 'SP277', 38), ('CH02', 'SP277', 36),
('CH01', 'SP278', 114), ('CH02', 'SP278', 116),
('CH01', 'SP279', 54), ('CH02', 'SP279', 53),
('CH01', 'SP280', 115), ('CH02', 'SP280', 113),
('CH01', 'SP281', 38), ('CH02', 'SP281', 33),
('CH01', 'SP282', 94), ('CH02', 'SP282', 92),
('CH01', 'SP283', 61), ('CH02', 'SP283', 61),
('CH01', 'SP284', 45), ('CH02', 'SP284', 41),
('CH01', 'SP285', 108), ('CH02', 'SP285', 107),
('CH01', 'SP286', 54), ('CH02', 'SP286', 59),
('CH01', 'SP287', 75), ('CH02', 'SP287', 76),
('CH01', 'SP288', 96), ('CH02', 'SP288', 99),
('CH01', 'SP289', 52), ('CH02', 'SP289', 47),
('CH01', 'SP290', 24), ('CH02', 'SP290', 23),
('CH01', 'SP291', 32), ('CH02', 'SP291', 36),
('CH01', 'SP292', 43), ('CH02', 'SP292', 38),
('CH01', 'SP293', 23), ('CH02', 'SP293', 27),
('CH01', 'SP294', 65), ('CH02', 'SP294', 65),
('CH01', 'SP295', 103), ('CH02', 'SP295', 103),
('CH01', 'SP296', 65), ('CH02', 'SP296', 69),
('CH01', 'SP297', 75), ('CH02', 'SP297', 71),
('CH01', 'SP298', 59), ('CH02', 'SP298', 63),
('CH01', 'SP299', 34), ('CH02', 'SP299', 33),
('CH01', 'SP300', 15), ('CH02', 'SP300', 16);

-- Bảng: tbl_phieunhap
INSERT IGNORE INTO `tbl_phieunhap` 
(`MaPN`,`NgayNhap`,`MaNCC`,`MaNV`,`MaCH`,`TongTien`) VALUES
('PN01','2025-10-01 08:30:00','NCC01','NV01','CH01',31240000),
('PN02','2025-10-03 10:15:00','NCC02','NV02','CH01',28970000),
('PN03','2025-10-05 14:20:00','NCC03','NV03','CH02',35780000),
('PN04','2025-10-07 09:00:00','NCC04','NV01','CH01',26350000),
('PN05','2025-10-09 16:45:00','NCC05','NV02','CH02',41920000),
('PN06','2025-10-12 11:30:00','NCC06','NV03','CH02',22890000),
('PN07','2025-10-15 13:10:00','NCC07','NV01','CH01',34160000),
('PN08','2025-10-18 15:55:00','NCC08','NV02','CH01',29730000),
('PN09','2025-10-21 09:40:00','NCC09','NV03','CH02',38540000),
('PN10','2025-10-24 17:20:00','NCC10','NV01','CH01',27680000);

-- Bảng: tbl_chitietphieunhap
INSERT INTO `tbl_chitietphieunhap` (`MaPN`, `MaSP`, `SoLuong`, `DonGiaNhap`) VALUES
-- PN01
('PN01','SP01',30,300000),('PN01','SP05',20,680000),('PN01','SP09',15,890000),('PN01','SP13',18,950000),
('PN01','SP17',12,560000),
-- PN02
('PN02','SP21',25,980000),('PN02','SP25',18,780000),('PN02','SP29',14,620000),('PN02','SP33',16,1100000),
-- PN03
('PN03','SP37',22,890000),('PN03','SP41',20,1180000),('PN03','SP45',15,830000),('PN03','SP49',18,630000),
-- PN04
('PN04','SP53',25,910000),('PN04','SP57',14,430000),('PN04','SP61',16,1160000),
-- PN05
('PN05','SP65',20,1080000),('PN05','SP69',18,1010000),('PN05','SP73',22,520000),('PN05','SP77',15,600000),
-- PN06
('PN06','SP81',25,820000),('PN06','SP85',18,590000),('PN06','SP89',14,710000),
-- PN07
('PN07','SP93',20,1320000),('PN07','SP97',16,780000),('PN07','SP101',18,1160000),
-- PN08
('PN08','SP105',22,1180000),('PN08','SP109',15,100000),('PN08','SP113',20,1220000),
-- PN09
('PN09','SP117',18,890000),('PN09','SP121',25,550000),('PN09','SP125',14,1050000),('PN09','SP129',16,290000),
-- PN10
('PN10','SP133',20,620000),('PN10','SP137',18,930000),('PN10','SP141',15,200000),('PN10','SP145',22,100000);

-- Bảng: tbl_hoadonban
INSERT INTO `tbl_hoadonban` (`MaHD`, `NgayBan`, `MaNV`, `MaKH`, `MaCH`, `TongTien`) VALUES
('HD01','2025-10-05 09:30:00','NV01','KH01','CH01',890000),
('HD02','2025-10-06 11:45:00','NV02','KH02','CH01',1350000),
('HD03','2025-10-07 16:15:00','NV03','KH03','CH02',5200000),
('HD04','2025-10-08 10:20:00','NV01','KH04','CH01',2780000),
('HD05','2025-10-09 13:10:00','NV02','KH05','CH01',3490000),
('HD06','2025-10-10 15:55:00','NV03','KH06','CH02',4120000),
('HD07','2025-10-11 09:00:00','NV01','KH07','CH01',1890000),
('HD08','2025-10-12 17:30:00','NV02','KH08','CH01',5630000),
('HD09','2025-10-13 11:15:00','NV03','KH09','CH02',2970000),
('HD10','2025-10-14 14:40:00','NV01','KH10','CH01',4510000),
('HD11','2025-10-15 10:05:00','NV02','KH11','CH01',3280000),
('HD12','2025-10-16 12:50:00','NV03','KH12','CH02',6190000),
('HD13','2025-10-17 16:20:00','NV01','KH13','CH01',1730000),
('HD14','2025-10-18 09:45:00','NV02','KH14','CH01',4890000),
('HD15','2025-10-19 14:10:00','NV03','KH15','CH02',3750000),
('HD16','2025-10-20 11:30:00','NV01','KH16','CH01',5920000),
('HD17','2025-10-21 13:25:00','NV02','KH17','CH01',2610000),
('HD18','2025-10-22 15:40:00','NV03','KH18','CH02',4380000),
('HD19','2025-10-23 10:15:00','NV01','KH19','CH01',3190000),
('HD20','2025-10-24 17:00:00','NV02','KH20','CH01',5040000),
('HD21','2025-10-25 09:20:00','NV03','KH21','CH02',2870000),
('HD22','2025-10-26 12:45:00','NV01','KH22','CH01',3960000),
('HD23','2025-10-27 14:30:00','NV02','KH23','CH01',4720000),
('HD24','2025-10-28 16:55:00','NV03','KH24','CH02',5510000),
('HD25','2025-10-29 11:10:00','NV01','KH25','CH01',2130000),
('HD26','2025-10-30 13:35:00','NV02','KH26','CH01',6290000),
('HD27','2025-10-31 15:20:00','NV03','KH27','CH02',3580000),
('HD28','2025-11-01 10:40:00','NV01','KH28','CH01',4850000),
('HD29','2025-11-02 12:15:00','NV02','KH29','CH01',2740000),
('HD30','2025-11-03 14:50:00','NV03','KH30','CH02',5130000),
('HD31','2025-11-04 09:05:00','NV01','KH01','CH01',3390000),
('HD32','2025-11-04 11:25:00','NV02','KH02','CH01',4670000),
('HD33','2025-11-04 13:40:00','NV03','KH03','CH02',2980000),
('HD34','2025-11-04 16:10:00','NV01','KH04','CH01',5210000),
('HD35','2025-11-04 18:30:00','NV02','KH05','CH01',3760000),
('HD36','2025-11-05 08:45:00','NV03','KH06','CH02',4490000),
('HD37','2025-11-05 10:20:00','NV01','KH07','CH01',2830000),
('HD38','2025-11-05 12:55:00','NV02','KH08','CH01',5940000),
('HD39','2025-11-05 15:15:00','NV03','KH09','CH02',3170000),
('HD40','2025-11-05 17:40:00','NV01','KH10','CH01',4620000),
('HD41','2025-11-05 09:30:00','NV02','KH11','CH01',3890000),
('HD42','2025-11-05 11:50:00','NV03','KH12','CH02',5730000),
('HD43','2025-11-05 14:10:00','NV01','KH13','CH01',2410000),
('HD44','2025-11-05 16:25:00','NV02','KH14','CH01',5080000),
('HD45','2025-11-05 18:45:00','NV03','KH15','CH02',4350000),
('HD46','2025-11-05 10:05:00','NV01','KH16','CH01',5960000),
('HD47','2025-11-05 12:20:00','NV02','KH17','CH01',2690000),
('HD48','2025-11-05 14:35:00','NV03','KH18','CH02',4820000),
('HD49','2025-11-05 16:50:00','NV01','KH19','CH01',3530000),
('HD50','2025-11-05 19:00:00','NV02','KH20','CH01',5270000),
('HD51','2025-11-05 09:15:00','NV03','KH21','CH02',2910000),
('HD52','2025-11-05 11:30:00','NV01','KH22','CH01',4180000),
('HD53','2025-11-05 13:45:00','NV02','KH23','CH01',4760000),
('HD54','2025-11-05 15:55:00','NV03','KH24','CH02',5590000),
('HD55','2025-11-05 18:10:00','NV01','KH25','CH01',2290000);

-- Bảng: tbl_chitiethoadon
INSERT INTO `tbl_chitiethoadon` (`MaHD`, `MaSP`, `SoLuong`, `DonGia`) VALUES
('HD01','SP01',1,350000),('HD01','SP02',1,650000),
('HD02','SP05',1,690000),('HD02','SP07',1,950000),
('HD03','SP08',2,2390000),
('HD04','SP03',2,490000),('HD04','SP09',1,1890000),
('HD05','SP12',1,2950000),('HD05','SP15',1,990000),
('HD06','SP18',2,1590000),('HD06','SP20',1,590000),
('HD07','SP22',3,420000),('HD07','SP25',1,790000),
('HD08','SP28',1,1050000),('HD08','SP30',2,720000),('HD08','SP33',1,1190000),
('HD09','SP35',2,680000),('HD09','SP37',1,950000),
('HD10','SP40',3,780000),('HD10','SP42',1,480000),
('HD11','SP45',2,830000),('HD11','SP48',1,610000),
('HD12','SP50',1,890000),('HD12','SP52',2,1010000),('HD12','SP55',1,430000),
('HD13','SP58',2,1140000),('HD13','SP01',1,350000),
('HD14','SP06',1,770000),('HD14','SP10',3,200000),('HD14','SP14',1,310000),
('HD15','SP17',2,560000),('HD15','SP21',1,980000),
('HD16','SP24',1,420000),('HD16','SP27',2,690000),('HD16','SP31',1,1350000),
('HD17','SP34',3,680000),('HD17','SP38',1,1090000),
('HD18','SP41',2,1180000),('HD18','SP44',1,590000),
('HD19','SP47',1,670000),('HD19','SP49',2,630000),
('HD20','SP51',1,1270000),('HD20','SP53',2,910000),('HD20','SP56',1,430000),
('HD21','SP59',3,650000),('HD21','SP62',1,340000),
('HD22','SP65',1,1080000),('HD22','SP68',2,360000),
('HD23','SP70',1,390000),('HD23','SP73',2,520000),('HD23','SP76',1,1240000),
('HD24','SP79',3,910000),('HD24','SP82',1,1010000),
('HD25','SP85',2,590000),('HD25','SP88',1,710000),
('HD26','SP90',1,420000),('HD26','SP93',2,1320000),('HD26','SP96',1,700000),
('HD27','SP99',3,780000),('HD27','SP102',1,1160000),
('HD28','SP105',2,1180000),('HD28','SP108',1,340000),
('HD29','SP111',1,820000),('HD29','SP114',2,810000),
('HD30','SP117',1,890000),('HD30','SP120',3,230000),('HD30','SP123',1,480000),
('HD31','SP126',2,1240000),('HD31','SP129',1,290000),
('HD32','SP132',1,850000),('HD32','SP135',2,1100000),
('HD33','SP138',3,740000),('HD33','SP141',1,200000),
('HD34','SP144',1,940000),('HD34','SP147',2,190000),
('HD35','SP150',2,220000),('HD35','SP153',1,420000),
('HD36','SP156',1,470000),('HD36','SP159',2,300000),('HD36','SP162',1,720000),
('HD37','SP165',3,190000),('HD37','SP168',1,460000),
('HD38','SP171',1,720000),('HD38','SP174',2,740000),
('HD39','SP177',1,1240000),('HD39','SP180',2,820000),
('HD40','SP183',3,640000),('HD40','SP186',1,520000),
('HD41','SP189',1,320000),('HD41','SP192',2,1160000),
('HD42','SP195',1,940000),('HD42','SP198',2,830000),('HD42','SP201',1,210000),
('HD43','SP204',3,920000),('HD43','SP207',1,230000),
('HD44','SP210',1,560000),('HD44','SP213',2,450000),
('HD45','SP216',1,540000),('HD45','SP219',2,980000),
('HD46','SP222',1,820000),('HD46','SP225',3,640000),('HD46','SP228',1,1100000),
('HD47','SP231',2,1050000),('HD47','SP234',1,470000),
('HD48','SP237',1,540000),('HD48','SP240',2,1000000),
('HD49','SP243',3,250000),('HD49','SP246',1,580000),
('HD50','SP249',1,890000),('HD50','SP252',2,1060000),
('HD51','SP255',1,940000),('HD51','SP258',2,550000),
('HD52','SP261',1,1060000),('HD52','SP264',3,720000),
('HD53','SP267',2,1220000),('HD53','SP270',1,1210000),
('HD54','SP273',1,480000),('HD54','SP276',2,1320000),
('HD55','SP279',3,600000),('HD55','SP282',1,1040000);
